Pathway_name	Pathway_code	DE_genes	Pathway_size	Fraction_DE	Padj	DE_genes_names
Factor: NF-kappaB1; motif: GGGAAANYCCC	TF:M10311	6	256	0.0234	5e-04	6
Factor: BEN; motif: CAGCGRNV; match class: 1	TF:M01240_1	27	11020	0.0025	0.0022	27
Factor: HIF-1alpha; motif: NNACGTGNN; match class: 1	TF:M07043_1	4	85	0.0471	0.0029	4
Factor: ZF5; motif: GSGCGCGR; match class: 1	TF:M00716_1	27	11296	0.0024	0.0037	27
Factor: MZF-1; motif: TGGGGAR	TF:M01733	23	8738	0.0026	0.011	23
Factor: HNF4-alpha; motif: NNNNMGGGGTCAANNNN	TF:M02764	18	5610	0.0032	0.0158	18
Factor: BCL6B; motif: NNNNCCGCCCCWNNNN	TF:M02844	27	12217	0.0022	0.0206	27
Factor: WT1; motif: CGCCCCCNCN	TF:M02036	20	7033	0.0028	0.0236	20
Factor: HIF2A; motif: ACGTGNNN	TF:M07356	9	1428	0.0063	0.0293	9
Factor: MafB; motif: GNTGAC	TF:M01227	25	10850	0.0023	0.0343	25
Factor: IRF4; motif: NNNAYTCTCGGWNNN	TF:M02872	27	12554	0.0022	0.0368	27
Factor: CTCF; motif: NAGGGGGCGCNNKNNNN; match class: 1	TF:M08995_1	22	8619	0.0026	0.0369	22
Factor: Tax/CREB; motif: RTGACGCATAYCCCC	TF:M00115	21	7966	0.0026	0.0408	21
Factor: ZF5; motif: GSGCGCGR	TF:M00716	28	13549	0.0021	0.0441	28
Factor: STAT1; motif: NTTTCASTTYCNNTTTCYN	TF:M09713	22	8765	0.0025	0.0489	22
